<?xml version="1.0" encoding="UTF-8"?>
<project-private xmlns="http://www.netbeans.org/ns/project-private/1">
    <editor-bookmarks xmlns="http://www.netbeans.org/ns/editor-bookmarks/2" lastBookmarkId="0"/>
    <open-files xmlns="http://www.netbeans.org/ns/projectui-open-files/2">
        <group>
            <file>file:/D:/Relatif%20à%20l'école/4EME%20ANNEE/Niveau%204/Semestre%202/Analyse%20Numérique%202/TPS/Differences%20finies/src/deg1/GaussSeidel.java</file>
            <file>file:/D:/Relatif%20à%20l'école/4EME%20ANNEE/Niveau%204/Semestre%202/Analyse%20Numérique%202/TPS/Differences%20finies/src/deg1/Graphe.java</file>
            <file>file:/D:/Relatif%20à%20l'école/4EME%20ANNEE/Niveau%204/Semestre%202/Analyse%20Numérique%202/TPS/Differences%20finies/src/deg1/Solver.java</file>
            <file>file:/D:/Relatif%20à%20l'école/4EME%20ANNEE/Niveau%204/Semestre%202/Analyse%20Numérique%202/TPS/Differences%20finies/src/deg1/TestFuncs.java</file>
            <file>file:/D:/Relatif%20à%20l'école/4EME%20ANNEE/Niveau%204/Semestre%202/Analyse%20Numérique%202/TPS/Differences%20finies/src/deg1/GenerationDonnee.java</file>
            <file>file:/D:/Relatif%20à%20l'école/4EME%20ANNEE/Niveau%204/Semestre%202/Analyse%20Numérique%202/TPS/Differences%20finies/src/deg1/Test.java</file>
            <file>file:/D:/Relatif%20à%20l'école/4EME%20ANNEE/Niveau%204/Semestre%202/Analyse%20Numérique%202/TPS/Differences%20finies/src/deg1/DifferencesFinies.java</file>
            <file>file:/D:/Relatif%20à%20l'école/4EME%20ANNEE/Niveau%204/Semestre%202/Analyse%20Numérique%202/TPS/Differences%20finies/src/deg1/Func.java</file>
        </group>
    </open-files>
</project-private>
